Date,MMM,AOS,ABT,ABBV,ACN
2023-05-22,79.33576202392578,65.84587860107422,104.01377868652344,134.3665008544922,281.5345153808594
2023-05-23,78.54792785644531,64.4360580444336,101.60201263427734,132.1595001220703,278.7767028808594
2023-05-24,75.65406036376953,64.06912994384766,99.96853637695312,130.8891143798828,277.53814697265625
2023-05-25,75.70085906982422,64.20429992675781,98.14289093017578,128.54302978515625,282.3182678222656
2023-05-26,75.61505126953125,64.37812042236328,98.84432983398438,127.56007385253906,293.7751159667969
2023-05-30,74.92864227294922,64.39743041992188,97.72970581054688,126.52149963378906,298.4488220214844
2023-05-31,72.78358459472656,61.74196243286133,98.00836944580078,127.93102264404297,296.02001953125
2023-06-01,73.54021453857422,62.35996627807617,98.79627990722656,123.7396011352539,295.3233642578125
2023-06-02,79.97537231445312,66.05831146240234,100.12228393554688,126.92021942138672,301.31304931640625
2023-06-05,76.42627716064453,66.096923828125,99.69950103759766,126.91096496582031,294.59765625
2023-06-06,76.66808319091797,66.28040313720703,98.6041030883789,125.58489227294922,298.07147216796875
2023-06-07,78.78192901611328,67.67089080810547,97.68168640136719,126.57715606689453,300.96466064453125
2023-06-08,78.5947265625,67.34257507324219,96.83611297607422,127.63426208496094,297.3843688964844
2023-06-09,77.92391967773438,66.42524719238281,97.71050262451172,128.13499450683594,298.7294006347656
2023-06-12,78.98473358154297,66.2127914428711,97.4318618774414,127.71770477294922,301.4001159667969
2023-06-13,80.13916015625,67.3232650756836,97.87384796142578,128.25555419921875,304.96099853515625
2023-06-14,79.52294158935547,67.23635864257812,99.20946502685547,126.32676696777344,304.8545837402344
2023-06-15,80.97379302978516,68.08611297607422,100.9101791381836,126.0114974975586,313.2923889160156
2023-06-16,81.54319763183594,68.55925750732422,102.04400634765625,128.56158447265625,309.19927978515625
2023-06-20,79.79596710205078,67.68054962158203,102.5244369506836,127.80116271972656,307.1285705566406
2023-06-21,79.1485366821289,67.44879150390625,102.09204864501953,126.91096496582031,303.064453125
2023-06-22,78.33732604980469,66.6666488647461,104.01377868652344,127.4209976196289,297.30694580078125
2023-06-23,78.56353759765625,67.10118103027344,103.82161712646484,126.039306640625,288.77239990234375
2023-06-26,78.32173156738281,68.51099395751953,104.26361083984375,125.13982391357422,287.7854309082031
2023-06-27,76.6446762084961,69.78559875488281,103.57177734375,122.96065521240234,291.07537841796875
2023-06-28,76.88648223876953,69.65042114257812,103.39883422851562,122.8771743774414,291.9559326171875
2023-06-29,77.40910339355469,69.89183044433594,103.4468765258789,123.54486846923828,298.35198974609375
2023-06-30,78.0721206665039,70.278076171875,104.75365447998047,124.935791015625,298.5939025878906
2023-07-03,78.8911361694336,69.88217163085938,103.02410125732422,125.1954345703125,300.9065856933594
2023-07-05,76.93328857421875,68.6075439453125,103.16822052001953,127.6156997680664,299.87127685546875
2023-07-06,75.12364196777344,68.17301177978516,103.00486755371094,127.27259826660156,298.003662109375
2023-07-07,75.88806915283203,68.21163177490234,102.1881332397461,125.64984130859375,295.86517333984375
2023-07-10,75.81006622314453,69.70835876464844,102.83191680908203,124.7132568359375,298.4681396484375
2023-07-11,79.49954986572266,70.68363189697266,103.29312896728516,125.71475982666016,299.6970520019531
2023-07-12,79.22655487060547,70.96365356445312,102.66857147216797,125.16761779785156,304.82470703125
2023-07-13,80.23277282714844,70.57740783691406,104.0202407836914,125.25201416015625,306.1163024902344
2023-07-14,79.79596710205078,71.85205841064453,104.20367431640625,127.5209732055664,306.6601867675781
2023-07-17,79.32794952392578,72.42176818847656,103.30577850341797,126.41461944580078,310.5545349121094
2023-07-18,80.34977722167969,73.8798599243164,103.25749969482422,128.05540466308594,313.1280212402344
2023-07-19,80.71637725830078,74.0053939819336,103.57612609863281,129.08673095703125,309.6027526855469
2023-07-20,81.34819793701172,73.7350082397461,107.96902465820312,133.31524658203125,303.4554138183594
2023-07-21,81.37940216064453,73.37773132324219,110.3440933227539,134.7685089111328,305.7181701660156
2023-07-24,81.33259582519531,72.82732391357422,110.66270446777344,134.24346923828125,304.25177001953125
2023-07-25,85.66949462890625,72.5859146118164,109.03105163574219,132.79019165039062,308.4277038574219
2023-07-26,87.86135864257812,72.4893569946289,110.1413345336914,133.0433349609375,307.37884521484375
2023-07-27,86.7303237915039,71.14714813232422,108.76071166992188,139.55958557128906,309.6222229003906
2023-07-28,87.26853942871094,69.99334716796875,108.83795928955078,141.43472290039062,306.446533203125
2023-07-31,86.97213745117188,70.41996002197266,107.48629760742188,140.24398803710938,307.2234802246094
2023-08-01,86.23892211914062,70.38117218017578,106.71391296386719,139.26890563964844,311.71014404296875
2023-08-02,84.9518814086914,70.38117218017578,104.86985778808594,140.05650329589844,308.6122131347656
2023-08-03,83.61026000976562,70.0999984741211,103.82714080810547,139.74708557128906,307.98095703125
2023-08-04,82.2998275756836,70.42964935302734,103.93333435058594,138.50946044921875,302.9989929199219
2023-08-07,82.0814208984375,71.5931396484375,104.70571899414062,140.94717407226562,306.75732421875
2023-08-08,81.2155990600586,71.01139068603516,101.934814453125,140.28150939941406,306.05804443359375
2023-08-09,80.89579010009766,70.5750961303711,101.66447448730469,141.3597412109375,302.5425109863281
2023-08-10,81.04398345947266,69.7994384765625,101.1238021850586,141.9879150390625,301.4548034667969
2023-08-11,81.55098724365234,69.1885986328125,101.67413330078125,142.68173217773438,300.134033203125
2023-08-14,80.66958618164062,69.11103057861328,102.43685913085938,142.76612854003906,302.7173156738281
2023-08-15,78.8911361694336,68.6650390625,101.31690216064453,142.62547302246094,298.5316467285156
2023-08-16,78.61812591552734,68.15116119384766,100.92105865478516,142.09103393554688,298.7647705078125
2023-08-17,79.40596008300781,67.60820770263672,101.3072509765625,140.65652465820312,296.8224182128906
2023-08-18,79.17636108398438,66.82284545898438,100.1293716430664,140.76905822753906,294.2003173828125
2023-08-21,78.52717590332031,66.76467895507812,100.28384399414062,140.78782653808594,297.6673583984375
2023-08-22,77.98883819580078,67.3076400756836,101.5196533203125,138.9876251220703,299.9883728027344
2023-08-23,78.89134979248047,67.8506088256836,101.50035095214844,137.90005493164062,306.2425842285156
2023-08-24,77.98092651367188,66.70650482177734,100.16800689697266,137.47811889648438,305.0772399902344
2023-08-25,78.33718872070312,67.62759399414062,100.61211395263672,137.53436279296875,309.56396484375
2023-08-28,82.43018341064453,68.55839538574219,99.24114227294922,138.22817993164062,311.6518859863281
2023-08-29,83.57814025878906,69.67338562011719,100.28384399414062,138.37820434570312,314.11865234375
2023-08-30,82.69143676757812,70.0999984741211,100.80520629882812,139.0626678466797,313.9244079589844
2023-08-31,84.448974609375,70.29391479492188,99.34734344482422,137.78753662109375,314.4294128417969
2023-09-01,84.670654296875,71.33136749267578,99.29905700683594,138.95013427734375,318.2848205566406
2023-09-05,84.59148406982422,69.75096893310547,97.39707946777344,136.98121643066406,316.75048828125
2023-09-06,84.21146392822266,69.66368865966797,98.05359649658203,136.52178955078125,316.88641357421875
2023-09-07,83.87895965576172,69.53765869140625,97.19432830810547,139.61581420898438,318.7315979003906
2023-09-08,84.10855102539062,68.05420684814453,97.25225830078125,139.71896362304688,316.0803527832031
2023-09-11,85.41484069824219,68.3644790649414,98.91287994384766,139.73768615722656,316.46881103515625
2023-09-12,84.83690643310547,66.192626953125,98.86459350585938,139.95333862304688,305.8056335449219
2023-09-13,79.99970245361328,65.07762908935547,99.14459228515625,141.7253875732422,304.8538513183594
2023-09-14,81.00515747070312,65.67876434326172,99.10597229003906,144.05059814453125,307.45654296875
2023-09-15,80.00763702392578,64.73826599121094,98.22737884521484,142.62547302246094,303.513671875
2023-09-18,79.9917984008789,65.11640167236328,97.51293182373047,144.3318634033203,306.76702880859375
2023-09-19,79.35052490234375,64.9709701538086,97.19432830810547,143.9099884033203,308.1751403808594
2023-09-20,78.36883544921875,64.3310546875,96.81779479980469,144.02247619628906,307.6605224609375
2023-09-21,77.18131256103516,63.186946868896484,95.51438903808594,143.85369873046875,302.9989929199219
2023-09-22,76.82505798339844,62.54705047607422,94.7613296508789,143.206787109375,306.9709167480469
2023-09-25,75.04377746582031,62.508262634277344,94.10482025146484,144.99752807617188,307.8450012207031
2023-09-26,74.32333374023438,63.47783279418945,92.90762329101562,144.30374145507812,301.6490478515625
2023-09-27,73.99082946777344,63.45844268798828,92.2317886352539,143.5724334716797,305.3103332519531
2023-09-28,73.8324966430664,64.45709991455078,94.73236083984375,142.7473602294922,292.0929260253906
2023-09-29,74.11750030517578,64.11774444580078,93.50621032714844,139.75643920898438,298.2500915527344
2023-10-02,71.42576599121094,64.0401840209961,92.42489624023438,138.9969940185547,299.3668212890625
2023-10-03,70.29365539550781,63.38087463378906,92.48281860351562,138.22817993164062,297.39544677734375
2023-10-04,69.68407440185547,64.22440338134766,92.34764862060547,138.47195434570312,300.4642639160156
2023-10-05,69.53365325927734,64.05957794189453,92.87865447998047,138.2469482421875,300.7264709472656
2023-10-06,69.98490142822266,65.2424545288086,93.53517150878906,138.9876251220703,303.1834716796875
2023-10-09,70.49950408935547,66.54166412353516,93.41931915283203,139.80335998535156,303.0086669921875
2023-10-10,71.75827026367188,67.15251922607422,94.19169616699219,139.59707641601562,303.3097229003906
2023-10-11,71.56035614013672,68.92681121826172,89.44156646728516,140.01898193359375,304.7822570800781
2023-10-12,70.47575378417969,67.8021240234375,87.55818939208984,140.43565368652344,296.8052673339844
2023-10-13,70.20658111572266,68.12208557128906,88.21834564208984,140.1136932373047,294.3381042480469
2023-10-16,71.2041015625,69.71217346191406,89.49010467529297,139.4224090576172,297.7609558105469
2023-10-17,71.6870346069336,69.6443099975586,89.45127868652344,141.26898193359375,300.5987854003906
2023-10-18,69.98490142822266,66.38654327392578,92.77147674560547,141.36367797851562,296.2299499511719
2023-10-19,68.9240493774414,64.9709701538086,92.65498352050781,137.80308532714844,295.4205017089844
2023-10-20,68.5202865600586,64.6316146850586,93.95588684082031,138.47540283203125,289.6279602050781
2023-10-23,67.76819610595703,64.36982727050781,92.98505401611328,137.05496215820312,287.6191101074219
2023-10-24,71.34660339355469,64.61222076416016,92.04336547851562,138.55117797851562,288.7405090332031
2023-10-25,70.7686767578125,63.20634841918945,90.83955383300781,137.55686950683594,285.41522216796875
2023-10-26,70.18283081054688,67.01676177978516,91.23757934570312,137.50003051757812,284.79107666015625
2023-10-27,69.2882308959961,65.74662017822266,90.14055633544922,131.5625457763672,282.84075927734375
2023-10-30,70.87159729003906,67.69496154785156,90.28617858886719,134.36557006835938,285.4347229003906
2023-10-31,72.00369262695312,67.95800018310547,91.79096221923828,133.69322204589844,289.7156982421875
2023-11-01,71.69493865966797,68.9808578491211,92.23753356933594,134.91482543945312,293.17767333984375
2023-11-02,73.08039855957031,69.50691986083984,93.15979766845703,135.6629180908203,300.4719543457031
2023-11-03,74.30751037597656,69.71148681640625,93.0433120727539,133.9204864501953,305.7086486816406
2023-11-06,74.038330078125,69.25362396240234,92.22782135009766,133.712158203125,305.318603515625
2023-11-07,73.74540710449219,68.82499694824219,92.03365325927734,134.6212615966797,307.366455078125
2023-11-08,73.08830261230469,69.3023452758789,91.97540283203125,134.49813842773438,309.93121337890625
2023-11-09,72.59746551513672,69.52639770507812,90.82014465332031,130.7197265625,306.4205322265625
2023-11-10,73.47623443603516,70.9389419555664,91.22786712646484,131.24058532714844,311.7547912597656
2023-11-13,73.3812255859375,71.4844741821289,92.99476623535156,131.2879180908203,307.7955627441406
2023-11-14,75.18627166748047,74.0562744140625,94.24713134765625,130.7386932373047,312.5348815917969
2023-11-15,76.65089416503906,73.06262969970703,95.1402816772461,130.30308532714844,317.4205627441406
2023-11-16,76.96450805664062,73.68610382080078,97.33433532714844,130.94699096679688,319.1954040527344
2023-11-17,76.66697692871094,74.406982421875,96.6450424194336,130.96595764160156,319.6927185058594
2023-11-20,76.37748718261719,74.14395904541016,98.24689483642578,130.97544860839844,322.6865234375
2023-11-21,75.58138275146484,73.91016387939453,98.93618774414062,131.37313842773438,322.06243896484375
2023-11-22,76.69110107421875,73.91990661621094,99.703125,131.12693786621094,324.8611755371094
2023-11-24,77.15750885009766,74.04654693603516,99.86817169189453,131.3163299560547,325.7485656738281
2023-11-27,78.05813598632812,73.9978256225586,99.71283721923828,131.71405029296875,324.1785583496094
2023-11-28,79.21611022949219,73.17952728271484,99.08179473876953,130.75762939453125,324.3052978515625
2023-11-29,79.1839370727539,73.1600570678711,100.6059799194336,131.15533447265625,325.06591796875
2023-11-30,79.66642761230469,73.413330078125,101.24673461914062,134.8390655517578,324.87091064453125
2023-12-01,80.29367065429688,74.75768280029297,101.81951141357422,135.80496215820312,329.6687927246094
2023-12-04,83.1805419921875,75.09864044189453,102.12046813964844,136.50570678710938,328.0792236328125
2023-12-05,81.77328491210938,74.33879852294922,101.30497741699219,136.90345764160156,327.4941101074219
2023-12-06,82.65784454345703,75.28373718261719,101.87776184082031,138.61746215820312,327.08453369140625
2023-12-07,83.05187225341797,75.99488067626953,101.01373291015625,140.12315368652344,326.7822570800781
2023-12-08,83.12423706054688,75.97538757324219,101.4603042602539,141.36367797851562,328.85943603515625
2023-12-11,82.95536804199219,76.02410888671875,103.12041473388672,143.21974182128906,333.8133239746094
2023-12-12,82.4728775024414,77.4269027709961,103.56698608398438,145.11370849609375,334.70068359375
2023-12-13,83.78363800048828,77.4756088256836,104.12035369873047,146.1174774169922,335.11029052734375
2023-12-14,86.07545471191406,78.50823211669922,105.43095397949219,146.66671752929688,334.2228698730469
2023-12-15,86.0271987915039,77.15412902832031,104.15918731689453,145.87124633789062,335.60760498046875
2023-12-18,85.13459014892578,77.3392333984375,104.90672302246094,145.28411865234375,333.3647155761719
2023-12-19,85.44017028808594,78.81023406982422,105.25621032714844,145.45460510253906,333.033203125
2023-12-20,83.36549377441406,78.15754699707031,104.26598358154297,143.64588928222656,331.07305908203125
2023-12-21,84.88531494140625,79.45318603515625,105.31446075439453,144.49813842773438,340.0934753417969
2023-12-22,85.50450134277344,79.61878967285156,105.8484115600586,146.72354125976562,345.6519775390625
2023-12-26,86.93586730957031,79.73568725585938,106.04258728027344,146.4204864501953,344.65728759765625
2023-12-27,87.44248962402344,80.03767395019531,106.58624267578125,146.66671752929688,345.03759765625
2023-12-28,88.2064208984375,80.11561584472656,107.1784439086914,146.54360961914062,342.8629455566406
2023-12-29,87.90889739990234,80.3104476928711,106.8580551147461,146.75193786621094,342.1998596191406
2024-01-02,88.4557113647461,79.33627319335938,106.64449310302734,151.34474182128906,338.30889892578125
2024-01-03,86.67855834960938,76.67679595947266,106.32411193847656,151.95082092285156,329.5322570800781
2024-01-04,86.98412322998047,77.32949829101562,107.74151611328125,152.8977813720703,328.72283935546875
2024-01-05,87.32186126708984,76.99827575683594,107.5667724609375,153.54171752929688,328.2645263671875
2024-01-08,87.53898620605469,77.22232818603516,109.12007141113281,152.86935424804688,331.9019775390625
2024-01-09,87.73197937011719,77.7776107788086,109.44043731689453,153.70269775390625,334.24237060546875
2024-01-10,87.08866882324219,78.40107727050781,111.06171417236328,156.1458740234375,336.7583312988281
2024-01-11,87.58723449707031,78.57642364501953,110.72028350830078,155.09475708007812,339.3328552246094
2024-01-12,86.94392395019531,79.01480102539062,111.1300048828125,155.2572784423828,347.4852600097656
2024-01-16,86.55792236328125,78.8881607055664,110.97392272949219,154.37771606445312,345.7592468261719
2024-01-17,85.30345153808594,78.05037689208984,111.13975524902344,154.91310119628906,346.13116455078125
2024-01-18,85.59297180175781,78.49850463867188,111.22754669189453,156.11767578125,351.90570068359375
2024-01-19,86.65443420410156,79.11221313476562,111.88113403320312,157.52304077148438,356.1632385253906
2024-01-22,86.8635025024414,79.99871826171875,111.39338684082031,158.11575317382812,359.40289306640625
2024-01-23,77.27812194824219,79.73568725585938,111.20803833007812,160.13294982910156,361.9964904785156
2024-01-24,74.97827911376953,78.25495147705078,108.05713653564453,156.9972381591797,361.0569152832031
2024-01-25,77.18163299560547,79.17066955566406,109.69600677490234,157.86720275878906,364.0323181152344
2024-01-26,77.18965911865234,78.8297119140625,109.26678466796875,157.16928100585938,363.1807861328125
2024-01-29,77.50328063964844,79.54084777832031,110.67150115966797,156.7008514404297,365.41229248046875
2024-01-30,76.99665832519531,77.96626281738281,110.70077514648438,157.66641235351562,363.4058837890625
2024-01-31,75.8708724975586,75.9026870727539,110.37886810302734,157.16928100585938,356.1436462402344
2024-02-01,77.12532806396484,77.81957244873047,111.68604278564453,160.218994140625,363.02423095703125
2024-02-02,76.28902435302734,76.60684967041016,109.36432647705078,161.25149536132812,365.0208435058594
2024-02-05,74.56816101074219,75.39411926269531,108.91559600830078,163.7275848388672,362.4663391113281
2024-02-06,75.39643096923828,76.49925994873047,111.20803833007812,165.66830444335938,356.9462585449219
2024-02-07,75.46075439453125,78.08362579345703,110.5349349975586,167.3126678466797,358.854736328125
2024-02-08,74.94611358642578,78.48461151123047,109.67648315429688,167.10232543945312,360.6458740234375
2024-02-09,74.7048568725586,78.76823425292969,109.07167053222656,166.4235382080078,363.76806640625
2024-02-12,76.09603118896484,79.49195098876953,109.7740478515625,165.45797729492188,359.6181640625
2024-02-13,74.51187896728516,77.50660705566406,108.6131820678711,165.66830444335938,355.096435546875
2024-02-14,74.31887817382812,79.38436889648438,109.31554412841797,166.7485809326172,363.09271240234375
2024-02-15,75.5206069946289,79.2181167602539,110.85684967041016,168.82315063476562,363.6114501953125
2024-02-16,74.59683227539062,78.328125,111.21780395507812,169.68357849121094,361.6246337890625
2024-02-20,75.06279754638672,77.88802337646484,113.78338623046875,168.0200958251953,355.2334289550781
2024-02-21,74.9728775024414,78.46505737304688,114.98326873779297,167.4369354248047,353.23681640625
2024-02-22,75.39797973632812,78.83670043945312,116.10509490966797,168.97610473632812,363.41571044921875
2024-02-23,75.6841049194336,79.60930633544922,116.5343246459961,170.2572021484375,369.2979431152344
2024-02-26,75.06279754638672,79.79513549804688,115.7831802368164,170.94554138183594,369.4545593261719
2024-02-27,75.45519256591797,80.48951721191406,116.47578430175781,171.11758422851562,369.8753662109375
2024-02-28,74.76850128173828,81.06653594970703,117.10987854003906,170.171142578125,369.9927978515625
2024-02-29,75.30805206298828,81.07630920410156,115.73440551757812,168.30691528320312,366.81195068359375
2024-03-01,75.09550476074219,82.09344482421875,115.71489715576172,171.0411376953125,372.8898620605469
2024-03-04,74.75215148925781,83.22792053222656,117.10012817382812,169.26292419433594,375.5520324707031
2024-03-05,75.77401733398438,81.84894561767578,115.57832336425781,171.28013610839844,368.8673095703125
2024-03-06,75.63504791259766,82.64112091064453,116.4172592163086,173.09654235839844,372.7332763671875
2024-03-07,75.71680450439453,84.74382019042969,117.95856475830078,172.62811279296875,378.68402099609375
2024-03-08,76.7632064819336,83.93207550048828,117.99757385253906,170.9837646484375,370.1298828125
2024-03-11,76.88582611083984,83.43329620361328,117.24645233154297,171.72947692871094,365.28509521484375
2024-03-12,80.70355987548828,84.03966522216797,117.802490234375,172.96270751953125,372.3907470703125
2024-03-13,85.0771713256836,84.26460266113281,117.21717834472656,171.94935607910156,370.66815185546875
2024-03-14,84.30054473876953,84.71448516845703,115.93925476074219,173.23040771484375,370.16900634765625
2024-03-15,85.83744049072266,85.17414093017578,112.66154479980469,170.05642700195312,366.6357727050781
2024-03-18,85.6739501953125,83.97119903564453,109.6862564086914,170.63958740234375,364.746826171875
2024-03-19,86.09904479980469,84.87095642089844,110.38862609863281,171.7581329345703,370.0417175292969
2024-03-20,88.3798599243164,85.71204376220703,108.7692642211914,168.51722717285156,372.3515625
2024-03-21,88.18367767333984,87.90277099609375,108.7790298461914,169.69313049316406,337.6944274902344
2024-03-22,87.2926025390625,87.31596374511719,107.86204528808594,170.60134887695312,330.32452392578125
2024-03-25,85.70663452148438,86.10323333740234,107.31576538085938,170.67784118652344,326.7227783203125
2024-03-26,83.89997100830078,85.9467544555664,108.7692642211914,171.30880737304688,329.2381286621094
2024-03-27,85.50227355957031,86.89542388916016,110.70077514648438,172.41778564453125,333.69140625
2024-03-28,86.71217346191406,87.49201202392578,110.8763656616211,174.09083557128906,339.2408142089844
2024-04-01,91.92611694335938,87.120361328125,109.34481048583984,172.80975341796875,331.9590148925781
2024-04-02,90.77239227294922,86.6020278930664,109.27652740478516,172.7428436279297,329.306640625
2024-04-03,91.1146011352539,86.69982147216797,108.55465698242188,169.53062438964844,325.2154846191406
2024-04-04,88.52362060546875,85.22303771972656,107.41331481933594,160.51536560058594,323.4440002441406
2024-04-05,89.0027084350586,85.6142349243164,108.47660827636719,162.52301025390625,325.9201965332031
2024-04-08,89.8826675415039,85.05677795410156,107.81326293945312,162.33180236816406,324.7456970214844
2024-04-09,90.54752349853516,84.56777954101562,109.6862564086914,162.6568603515625,327.33935546875
2024-04-10,90.56707000732422,83.6484603881836,108.44734191894531,161.59564208984375,318.7323913574219
2024-04-11,91.10482025146484,84.25482177734375,108.72048950195312,160.15208435058594,319.50860595703125
2024-04-12,89.2764663696289,84.59712219238281,106.9656753540039,156.5914306640625,309.8896179199219
2024-04-15,89.26669311523438,83.27682495117188,106.75,156.00282287597656,307.7968444824219
2024-04-16,89.02226257324219,83.52132415771484,107.06370544433594,156.84230041503906,308.45513916015625
2024-04-17,88.93426513671875,84.55799865722656,103.81875610351562,158.49237060546875,309.044677734375
2024-04-18,89.44268035888672,84.78295135498047,103.20113372802734,158.8879852294922,310.4791564941406
2024-04-19,90.215087890625,84.17657470703125,105.171630859375,160.57666015625,311.3437805175781
2024-04-22,90.55730438232422,84.98831176757812,104.96576690673828,162.00477600097656,311.8743896484375
2024-04-23,90.9288330078125,85.98587799072266,105.47554016113281,163.596923828125,311.2946472167969
2024-04-24,89.97066497802734,85.08612823486328,104.789306640625,161.9179229736328,308.0621337890625
2024-04-25,89.37425231933594,80.99807739257812,104.7598876953125,161.42579650878906,303.6014709472656
2024-04-26,89.78489685058594,81.37950134277344,105.4167251586914,154.02467346191406,302.6287841796875
2024-04-29,90.1075439453125,82.77360534667969,105.16182708740234,155.85806274414062,297.86346435546875
2024-04-30,94.36067199707031,81.33040618896484,103.88738250732422,156.93881225585938,295.6528015136719
2024-05-01,96.2476806640625,81.28131866455078,104.20108795166016,156.05105590820312,293.442138671875
2024-05-02,94.65398406982422,82.02747344970703,103.83837127685547,155.17294311523438,295.0927429199219
2024-05-03,94.98641204833984,82.77360534667969,103.81875610351562,158.04849243164062,298.4039001464844
2024-05-06,94.4388656616211,83.59831237792969,103.56385803222656,157.025634765625,300.71282958984375
2024-05-07,93.41226959228516,83.66703796386719,104.08344268798828,156.85195922851562,305.2324523925781
2024-05-08,94.2042236328125,84.02047729492188,102.87762451171875,154.82557678222656,306.5392150878906
2024-05-09,95.16240692138672,84.81571197509766,102.6129379272461,154.77731323242188,301.25323486328125
2024-05-10,96.72677612304688,84.80589294433594,102.68154907226562,155.11505126953125,300.97808837890625
2024-05-13,97.41118621826172,84.49172973632812,102.7109603881836,155.62649536132812,302.03924560546875
2024-05-14,97.85115814208984,84.8255386352539,101.96590423583984,155.92559814453125,301.5872802734375
2024-05-15,98.9853286743164,85.18878936767578,102.53450012207031,158.04849243164062,303.1298522949219
2024-05-16,102.52470397949219,83.80448913574219,102.80900573730469,158.5888671875,302.6189270019531
2024-05-17,102.9157943725586,84.11865234375,102.0443344116211,160.58631896972656,298.2859802246094
2024-05-20,102.86691284179688,84.24627685546875,101.18162536621094,158.79148864746094,300.359130859375
2024-05-21,100.84300994873047,84.17755889892578,100.93653869628906,157.2186279296875,298.33514404296875
2024-05-22,99.22975158691406,83.51976776123047,102.7599868774414,154.01502990722656,301.7445068359375
2024-05-23,97.96957397460938,82.5379867553711,102.18157958984375,152.71234130859375,300.5850830078125
2024-05-24,98.12709045410156,83.23505401611328,101.9070816040039,151.5543975830078,295.73138427734375
2024-05-28,97.15242004394531,81.0358657836914,99.94638061523438,149.8946990966797,292.52838134765625
2024-05-29,96.04975128173828,79.63192749023438,98.75037384033203,149.36398315429688,288.63751220703125
2024-05-30,96.67984771728516,80.56461334228516,99.74051666259766,150.83070373535156,279.8242492675781
2024-05-31,98.58981323242188,82.11582946777344,100.18167114257812,155.587890625,277.35809326171875
2024-06-03,98.2156982421875,80.70205688476562,100.84831237792969,154.57470703125,276.83740234375
2024-06-04,97.08350372314453,79.76937866210938,101.39730072021484,156.4563446044922,283.0273132324219
2024-06-05,97.52652740478516,80.58425903320312,101.20124053955078,159.64065551757812,285.93560791015625
2024-06-06,96.69954681396484,79.40612030029297,102.22079467773438,162.6609344482422,286.6430358886719
2024-06-07,99.29866790771484,79.60247802734375,105.46574401855469,163.4811248779297,283.3613586425781
2024-06-10,99.10176849365234,79.99519348144531,105.37751007080078,164.4846954345703,285.35589599609375
2024-06-11,99.75154876708984,80.10317993164062,103.73052215576172,161.82144165039062,289.0797119140625
2024-06-12,99.64325714111328,82.06673431396484,102.32862854003906,160.26788330078125,280.7380065917969
2024-06-13,99.96814727783203,82.14527893066406,101.41690063476562,160.72140502929688,277.3875732421875
2024-06-14,99.33805084228516,80.95733642578125,101.64238739013672,162.68023681640625,281.7008972167969
2024-06-17,98.97378540039062,82.15509033203125,101.41690063476562,163.7320098876953,280.54150390625
2024-06-18,99.2100601196289,82.68526458740234,101.94628143310547,165.3531494140625,280.3646545410156
2024-06-20,100.0862808227539,82.3907241821289,104.4755859375,166.0961456298828,300.81103515625
2024-06-21,100.80498504638672,82.60671997070312,103.64229583740234,164.41714477539062,303.581787109375
2024-06-24,101.39569091796875,82.89143371582031,103.23055267333984,166.68475341796875,301.8427429199219
2024-06-25,100.47025299072266,81.41876220703125,103.41681671142578,164.76451110839844,301.8034362792969
2024-06-26,99.8795394897461,80.87879180908203,102.81880187988281,165.15048217773438,299.2979736328125
2024-06-27,101.57290649414062,80.52534484863281,102.59333038330078,163.06622314453125,297.8929748535156
2024-06-28,100.60808563232422,80.28972625732422,101.86788177490234,165.5075225830078,298.109130859375
2024-07-01,99.05254364013672,78.71888732910156,101.17182159423828,164.39784240722656,297.26416015625
2024-07-02,100.04690551757812,79.41593933105469,101.17182159423828,160.14244079589844,298.52178955078125
2024-07-03,100.04690551757812,79.5632095336914,100.31892395019531,158.09674072265625,300.40826416015625
2024-07-05,99.75154876708984,79.01341247558594,101.97570037841797,161.38720703125,293.91375732421875
2024-07-08,99.53495788574219,79.58283996582031,100.11305236816406,160.68280029296875,294.2379455566406
2024-07-09,98.14678192138672,79.25886535644531,99.64247131347656,162.15916442871094,292.8526306152344
2024-07-10,100.09613037109375,81.47767639160156,101.0247802734375,162.2460174560547,290.27838134765625
2024-07-11,101.6319808959961,84.51136779785156,102.132568359375,163.95396423339844,294.06781005859375
2024-07-12,102.429443359375,86.22947692871094,102.17176818847656,164.3109893798828,306.5414733886719
2024-07-15,101.1298828125,86.20001983642578,101.47203063964844,163.62933349609375,313.6861877441406
2024-07-16,101.71074676513672,90.30384826660156,101.23550415039062,164.7686767578125,320.7223205566406
2024-07-17,103.02014923095703,88.49737548828125,103.16717529296875,170.67971801757812,321.314453125
2024-07-18,102.40975189208984,87.39779663085938,98.6238021850586,166.65786743164062,323.7815246582031
2024-07-19,102.31129455566406,86.38655090332031,100.55547332763672,167.8069610595703,324.857177734375
2024-07-22,103.34504699707031,87.19161224365234,102.22105407714844,169.06320190429688,327.1466369628906
2024-07-23,103.1087646484375,79.00360107421875,102.41815948486328,168.61521911621094,325.9821472167969
2024-07-24,101.65167236328125,79.28831481933594,105.70988464355469,171.5950927734375,324.3539123535156
2024-07-25,101.78949737548828,80.68243408203125,104.42868041992188,177.39898681640625,325.7749328613281
2024-07-26,125.19153594970703,82.96015167236328,103.71907806396484,180.31069946289062,324.13677978515625
2024-07-29,123.22250366210938,82.96015167236328,103.25586700439453,177.17503356933594,321.9065856933594
2024-07-30,124.78788757324219,83.89282989501953,103.79793548583984,181.8882598876953,324.8670959472656
2024-07-31,125.57550811767578,83.80416107177734,104.40896606445312,180.4665069580078,326.26837158203125
2024-08-01,124.51221466064453,81.34048461914062,108.5581283569336,184.7415313720703,323.76177978515625
2024-08-02,123.30126190185547,81.20252990722656,109.70136260986328,184.33253479003906,318.89666748046875
2024-08-05,122.68101501464844,80.46342468261719,107.0600814819336,179.53163146972656,309.61053466796875
2024-08-06,122.9566879272461,80.47328186035156,107.91752624511719,180.84628295898438,314.4854736328125
2024-08-07,120.92857360839844,79.10347747802734,108.35116577148438,182.59915161132812,313.8341979980469
2024-08-08,123.19296264648438,79.32028198242188,108.17375946044922,185.4134521484375,311.7223815917969
2024-08-09,122.24781799316406,79.10347747802734,107.1389389038086,184.95574951171875,311.6729736328125
2024-08-12,121.45036315917969,77.72382354736328,106.24209594726562,185.19920349121094,309.82763671875
2024-08-13,123.40956115722656,78.41365051269531,106.67572784423828,186.22171020507812,315.1269226074219
2024-08-14,124.21685791015625,78.60089111328125,108.3018798828125,187.9453582763672,315.620361328125
2024-08-15,125.19153594970703,79.0837631225586,109.33670806884766,188.3348846435547,320.8506164550781
2024-08-16,125.08324432373047,78.49248504638672,109.39584350585938,188.82179260253906,322.6170654296875
2024-08-19,125.11277770996094,79.5272216796875,110.2828369140625,191.71400451660156,325.1038818359375
2024-08-20,125.72318267822266,79.62577056884766,109.1691665649414,191.0128631591797,326.0216369628906
2024-08-21,127.22948455810547,80.69007110595703,109.78020477294922,191.38291931152344,329.2091369628906
2024-08-22,126.60926055908203,79.95097351074219,110.47994232177734,191.2270965576172,326.21905517578125
2024-08-23,128.52908325195312,81.34048461914062,111.0614242553711,192.37620544433594,328.8834533691406
2024-08-26,130.50872802734375,81.16310119628906,111.07127380371094,192.2690887451172,332.3472595214844
2024-08-27,130.0632781982422,80.57182312011719,111.46549224853516,190.78887939453125,335.89990234375
2024-08-28,130.2711639404297,80.65065002441406,111.26838684082031,190.28250122070312,332.9492492675781
2024-08-29,131.5579376220703,80.90687561035156,111.13040161132812,190.06825256347656,335.73211669921875
2024-08-30,133.31982421875,82.50334167480469,111.6330337524414,191.16867065429688,337.44921875
2024-09-03,129.51889038085938,80.07908630371094,113.00294494628906,192.51254272460938,337.3801574707031
2024-09-04,130.8056640625,79.18231201171875,112.74671173095703,191.850341796875,339.4623718261719
2024-09-05,130.0632781982422,76.7284927368164,111.46549224853516,187.80902099609375,336.4426574707031
2024-09-06,127.29178619384766,75.79230499267578,112.21450805664062,188.3348846435547,335.3669738769531
2024-09-09,127.15320587158203,76.758056640625,114.74736785888672,191.2758026123047,337.31109619140625
2024-09-10,128.76661682128906,77.53658294677734,115.41754150390625,194.12904357910156,343.1235656738281
2024-09-11,128.9051971435547,77.31977844238281,114.91490936279297,189.4937286376953,345.6991882324219
2024-09-12,130.6868896484375,78.2461166381836,115.14158630371094,188.93865966796875,345.28472900390625
2024-09-13,131.82518005371094,78.80783081054688,114.7177963256836,189.12367248535156,344.9787902832031
2024-09-16,133.2406463623047,80.5126953125,115.93002319335938,190.60386657714844,349.4590759277344
2024-09-17,132.2112274169922,81.27149963378906,116.42279815673828,188.38357543945312,332.6038513183594
2024-09-18,132.00335693359375,81.6854019165039,113.21976470947266,187.88693237304688,331.75518798828125
2024-09-19,132.4784698486328,83.0650634765625,112.50032043457031,188.5491180419922,330.8275451660156
2024-09-20,133.39901733398438,81.6854019165039,112.05681610107422,188.40304565429688,331.7946472167969
2024-09-23,134.26016235351562,82.75956726074219,113.15077209472656,188.7536163330078,334.7452697753906
2024-09-24,135.82408142089844,84.49398040771484,111.70201873779297,188.4420166015625,335.1499328613281
2024-09-25,135.21038818359375,84.592529296875,110.98257446289062,186.2509307861328,332.61370849609375
2024-09-26,138.02151489257812,88.01210021972656,111.10083770751953,186.87416076660156,351.1268310546875
2024-09-27,135.9032745361328,89.27349853515625,110.80517578125,189.6884765625,345.09722900390625
2024-09-30,135.3093719482422,88.52454376220703,112.36234283447266,192.30801391601562,348.8274841308594
2024-10-01,135.6657257080078,87.6474838256836,111.9188461303711,191.80165100097656,347.3472595214844
2024-10-02,134.0522918701172,86.75070190429688,111.9976806640625,191.6653289794922,351.6004943847656
2024-10-03,133.40890502929688,86.2382583618164,110.60807037353516,190.33119201660156,356.4853515625
2024-10-04,133.8939208984375,86.1298599243164,111.01213836669922,189.2015838623047,357.47216796875
2024-10-07,133.4781951904297,86.86895751953125,111.72174072265625,188.53939819335938,352.103759765625
2024-10-08,133.31982421875,85.19365692138672,112.97338104248047,187.95509338378906,355.63665771484375
2024-10-09,133.63656616210938,86.40579223632812,114.27429962158203,189.6495361328125,360.2747802734375
2024-10-10,132.10235595703125,85.00643157958984,113.94908142089844,189.25999450683594,357.7679443359375
2024-10-11,133.3792266845703,79.69475555419922,114.44184875488281,189.1042022705078,357.4409484863281
2024-10-14,134.37893676757812,81.41932678222656,115.55551147460938,190.5259552001953,361.2656555175781
2024-10-15,134.3492431640625,79.77359771728516,114.91189575195312,188.3271942138672,365.2885437011719
2024-10-16,134.96295166015625,79.06405639648438,116.6645278930664,186.95298767089844,368.8555908203125
2024-10-17,134.29974365234375,77.6055679321289,116.73384857177734,185.0977783203125,371.71917724609375
2024-10-18,133.76524353027344,77.6055679321289,118.21913146972656,185.3824462890625,373.41351318359375
2024-10-21,133.4683074951172,77.4577407836914,115.8426742553711,183.1051483154297,372.59112548828125
2024-10-22,130.38992309570312,77.07341766357422,114.98120880126953,185.28427124023438,368.3899230957031
2024-10-23,126.60880279541016,76.17664337158203,115.86248016357422,184.4204864501953,367.240478515625
2024-10-24,125.18344116210938,76.21605682373047,115.39708709716797,186.1578826904297,360.8990478515625
2024-10-25,123.48094177246094,75.75289154052734,113.09983825683594,184.3910369873047,357.5003967285156
2024-10-28,128.96456909179688,75.88099670410156,112.95130920410156,186.1873321533203,358.015625
2024-10-29,127.9549560546875,75.24044036865234,112.28788757324219,185.96157836914062,359.71990966796875
2024-10-30,126.2623519897461,74.80684661865234,113.32757568359375,197.78968811035156,343.4005432128906
2024-10-31,127.16310119628906,74.34158325195312,112.2581787109375,200.1160430908203,341.66656494140625
2024-11-01,125.92581939697266,74.63855743408203,117.43688201904297,199.8019561767578,342.5087890625
2024-11-04,124.56974792480469,74.38117980957031,116.49620056152344,196.77867126464844,340.75494384765625
2024-11-05,125.2329330444336,75.1532974243164,116.57542419433594,197.96636962890625,342.3304138183594
2024-11-06,132.5576629638672,75.44037628173828,115.654541015625,197.49522399902344,352.87310791015625
2024-11-07,131.71630859375,75.26219177246094,114.16925048828125,196.8179168701172,357.4112243652344
2024-11-08,132.973388671875,74.10400390625,115.44659423828125,195.82652282714844,352.2785949707031
2024-11-11,131.6470184326172,74.34158325195312,115.654541015625,171.2181396484375,354.03240966796875
2024-11-12,129.02398681640625,72.40137481689453,115.29806518554688,167.93963623046875,357.3121337890625
2024-11-13,130.11277770996094,72.3716812133789,114.60492706298828,167.21328735351562,366.834228515625
2024-11-14,130.97393798828125,72.26278686523438,113.90188598632812,166.50653076171875,358.7587890625
2024-11-15,129.1529083251953,71.50057220458984,114.76336669921875,161.9519805908203,350.3365173339844
2024-11-18,129.5310516357422,71.42137145996094,116.20904541015625,163.2182159423828,349.56365966796875
2024-11-19,127.56077575683594,70.68885040283203,115.98129272460938,163.5028839111328,350.7130432128906
2024-11-20,127.21248626708984,71.0254135131836,114.7930679321289,164.67095947265625,353.8045349121094
2024-11-21,126.69503784179688,72.23309326171875,116.11003112792969,168.56787109375,357.74810791015625
2024-11-22,127.78964233398438,72.69834899902344,116.6051254272461,173.69174194335938,355.3799743652344
2024-11-25,129.68032836914062,74.66825103759766,116.97148895263672,173.79971313476562,357.9859313964844
2024-11-26,132.2974090576172,73.1537094116211,116.80316162109375,177.80458068847656,359.858642578125
2024-11-27,131.8297119140625,73.3516845703125,117.783447265625,179.70887756347656,358.84796142578125
2024-11-29,132.8745574951172,73.73773956298828,117.60520935058594,179.56163024902344,359.0560302734375
2024-12-02,132.23770141601562,73.89613342285156,115.66443634033203,178.42300415039062,358.0751037597656
2024-12-03,130.50624084472656,73.27249145507812,115.1495361328125,178.157958984375,349.3159484863281
2024-12-04,129.80967712402344,72.85672760009766,114.83267211914062,173.21078491210938,356.7374267578125
2024-12-05,132.675537109375,71.58965301513672,114.4563980102539,172.9261016845703,354.8548278808594
2024-12-06,132.4566192626953,71.87672424316406,114.46630096435547,172.94573974609375,359.3830261230469
2024-12-09,130.84457397460938,73.143798828125,113.7731704711914,173.31874084472656,356.2122802734375
2024-12-10,129.13302612304688,72.24299621582031,114.36727905273438,172.435302734375,359.5811767578125
2024-12-11,129.13302612304688,72.14400482177734,113.02062225341797,171.15924072265625,360.5126037597656
2024-12-12,129.1131134033203,71.89652252197266,112.74337005615234,170.00099182128906,356.8860778808594
2024-12-13,129.2822723388672,71.7579345703125,112.26807403564453,170.17767333984375,355.3997802734375
2024-12-16,128.83448791503906,71.16400146484375,111.51553344726562,168.46971130371094,353.7945861816406
2024-12-17,127.42146301269531,70.09490203857422,112.17896270751953,172.15066528320312,354.03240966796875
2024-12-18,124.91382598876953,68.21410369873047,110.8322982788086,169.83412170410156,344.4310302734375
2024-12-19,126.50597381591797,67.74884033203125,111.31748962402344,168.36172485351562,368.7565002441406
2024-12-20,128.64541625976562,68.02601623535156,113.1097412109375,172.34698486328125,363.0194396972656
2024-12-23,128.34689331054688,67.86762237548828,113.18895721435547,175.105224609375,355.48895263671875
2024-12-24,129.72012329101562,68.19429779052734,113.6345443725586,176.68557739257812,358.32281494140625
2024-12-26,130.5360870361328,68.19429779052734,114.13953399658203,175.9003143310547,357.1337890625
2024-12-27,129.54100036621094,67.73894500732422,113.86228942871094,174.7322235107422,352.9226379394531
2024-12-30,128.49615478515625,67.33307647705078,111.69376373291016,172.95555114746094,349.2663879394531
2024-12-31,128.4563446044922,67.52116394042969,112.00072479248047,174.4279327392578,348.57281494140625
2025-01-02,129.0633544921875,66.6500473022461,112.32748413085938,176.13589477539062,345.6299743652344
2025-01-03,129.23251342773438,67.9072265625,112.71366882324219,177.88311767578125,350.61395263671875
2025-01-06,129.65045166015625,68.20419311523438,111.93141174316406,176.78375244140625,348.11700439453125
2025-01-07,132.11830139160156,67.6102523803711,112.28788757324219,176.2242431640625,353.1307373046875
2025-01-08,133.86964416503906,67.98641967773438,113.12954711914062,175.2132110595703,354.4584655761719
2025-01-10,130.56594848632812,66.89752960205078,111.20856475830078,171.9445343017578,346.5910949707031
2025-01-13,133.93931579589844,67.93692016601562,112.07994079589844,173.48561096191406,345.947021484375
2025-01-14,136.5364990234375,70.53046417236328,111.9115982055664,172.31753540039062,345.7983703613281
2025-01-15,137.10369873046875,70.23348999023438,110.58773803710938,169.78097534179688,346.5316467285156
2025-01-16,138.496826171875,70.67894744873047,113.38478088378906,172.1094512939453,348.8302307128906
2025-01-17,140.33773803710938,71.08480072021484,112.9567642211914,169.98904418945312,350.8502197265625
2025-01-21,146.16897583007812,71.95592498779297,116.25150299072266,171.02943420410156,354.66131591796875
2025-01-22,148.38803100585938,70.2532958984375,117.23693084716797,167.65065002441406,357.3380126953125
2025-01-23,148.89553833007812,70.55025482177734,122.65185546875,169.10719299316406,361.4675598144531
2025-01-24,148.69650268554688,69.85733032226562,124.45350646972656,168.74058532714844,360.62176513671875
2025-01-27,150.77626037597656,70.70864868164062,128.8332061767578,175.28013610839844,371.3087463378906
2025-01-28,150.65684509277344,69.16439819335938,126.80262756347656,173.20928955078125,376.5229187011719
2025-01-29,150.796142578125,68.52095794677734,127.27046203613281,173.65516662597656,372.572509765625
2025-01-30,153.64210510253906,66.63025665283203,128.21607971191406,174.0415802001953,378.8712463378906
2025-01-31,151.45291137695312,66.95858001708984,127.34013366699219,182.21604919433594,383.050537109375
2025-02-03,149.3035125732422,66.69989776611328,127.85773468017578,188.39891052246094,383.3092346191406
2025-02-04,150.93545532226562,65.326904296875,128.50474548339844,188.2106475830078,389.6876220703125
2025-02-05,151.70169067382812,65.30699920654297,131.4510955810547,189.99417114257812,396.284912109375
2025-02-06,151.5723419189453,65.17765808105469,127.62879943847656,191.2030029296875,385.4287414550781
2025-02-07,149.1343536376953,64.82943725585938,128.47488403320312,188.85470581054688,384.0754699707031
2025-02-10,148.9552459716797,65.39654541015625,130.7045440673828,188.59707641601562,384.9809875488281
2025-02-11,149.3333740234375,65.63533020019531,130.83395385742188,190.0734405517578,388.0855712890625
2025-02-12,148.13925170898438,64.91897583007812,129.88833618164062,191.23272705078125,386.911376953125
2025-02-13,147.99000549316406,65.66517639160156,131.1823272705078,191.67860412597656,387.6079406738281
2025-02-14,148.6199951171875,65.8840560913086,130.00778198242188,191.10391235351562,386.0854797363281
2025-02-18,148.99000549316406,65.3865966796875,129.5797576904297,194.4529571533203,385.64764404296875
2025-02-19,150.1999969482422,67.01827239990234,131.52078247070312,195.5428924560547,388.2945251464844
2025-02-20,149.0800018310547,66.45116424560547,132.55596923828125,199.0405731201172,382.9410705566406
2025-02-21,144.97999572753906,65.64527893066406,134.2978973388672,200.22958374023438,362.462646484375
2025-02-24,145.47999572753906,65.89401245117188,134.3277587890625,202.2112579345703,362.1143493652344
2025-02-25,146.5399932861328,66.650146484375,135.19375610351562,202.2707061767578,361.15911865234375
2025-02-26,147.42999267578125,65.8243637084961,135.33311462402344,201.15106201171875,356.581787109375
2025-02-27,150.52000427246094,65.60548400878906,135.24351501464844,203.1426544189453,355.1091003417969
2025-02-28,155.1199951171875,66.14273834228516,137.3736572265625,207.11593627929688,346.7803955078125
2025-03-03,153.4199981689453,66.04324340820312,139.57347106933594,209.5435028076172,343.2876892089844
2025-03-04,145.86000061035156,65.27715301513672,136.94564819335938,205.85755920410156,344.0738220214844
2025-03-05,147.61000061035156,66.16263580322266,137.07504272460938,209.6029510498047,346.5415954589844
2025-03-06,146.94000244140625,67.88386535644531,134.45716857910156,208.8201904296875,340.15325927734375
2025-03-07,146.3000030517578,69.05787658691406,136.50767517089844,212.3277587890625,340.4915771484375
2025-03-10,147.6199951171875,69.2568588256836,136.72665405273438,214.6760711669922,333.6455078125
2025-03-11,147.5399932861328,66.76954650878906,132.04832458496094,211.63417053222656,326.1725769042969
2025-03-12,150.24000549316406,65.30699920654297,129.67930603027344,210.11819458007812,322.7296447753906
2025-03-13,146.10000610351562,65.11795806884766,129.2910919189453,209.6128692626953,315.5054931640625
2025-03-14,150.41000366210938,66.51085662841797,126.12576293945312,209.8308563232422,317.2468566894531
2025-03-17,153.2100067138672,67.14761352539062,127.05147552490234,212.50611877441406,324.10284423828125
2025-03-18,150.9199981689453,67.31675720214844,125.7176513671875,211.8917999267578,322.470947265625
2025-03-19,153.2100067138672,67.2570571899414,126.83248901367188,210.30645751953125,322.86895751953125
2025-03-20,151.27000427246094,66.37156677246094,126.1954345703125,210.0191192626953,299.42523193359375
2025-03-21,150.36000061035156,66.16263580322266,125.75746154785156,208.0869598388672,303.8134765625
2025-03-24,153.14999389648438,66.0333023071289,126.62345123291016,207.25465393066406,305.6642761230469
2025-03-25,153.5,66.39147186279297,125.0208740234375,199.49635314941406,307.37579345703125
2025-03-26,152.67999267578125,67.0083236694336,126.0262222290039,199.45672607421875,309.6246337890625
2025-03-27,148.44000244140625,66.56060791015625,130.74436950683594,200.8637237548828,307.00762939453125
2025-03-28,144.83999633789062,65.27715301513672,130.21681213378906,203.41017150878906,302.8283386230469
2025-03-31,146.86000061035156,65.0284194946289,132.03836059570312,207.60145568847656,310.50030517578125
2025-04-01,147.6699981689453,65.26720428466797,131.08279418945312,204.38121032714844,312.0326843261719
2025-04-02,147.75999450683594,65.7845687866211,131.32168579101562,203.31109619140625,314.76910400390625
2025-04-03,139.74000549316406,63.33704376220703,131.02308654785156,199.79360961914062,299.9725036621094
2025-04-04,126.91000366210938,61.67551803588867,123.86622619628906,185.24803161621094,283.6534118652344
2025-04-07,128.5500030517578,60.33236312866211,124.28429412841797,184.84178161621094,283.3150939941406
2025-04-08,127.16000366210938,59.327491760253906,123.37848663330078,174.0614013671875,280.0015563964844
2025-04-09,138.32000732421875,62.24262619018555,126.45423889160156,178.19322204589844,298.4599914550781
2025-04-10,132.97000122070312,62.55105209350586,123.92594909667969,172.60487365722656,285.2200012207031
2025-04-11,135.9499969482422,64.17278289794922,126.29497528076172,173.4470977783203,284.3399963378906
2025-04-14,136.00999450683594,64.86923217773438,127.3699951171875,177.4600067138672,289.7900085449219
2025-04-15,135.25999450683594,63.52607727050781,126.22000122070312,176.8000030517578,288.6600036621094
2025-04-16,130.4600067138672,62.54110336303711,129.6999969482422,171.67999267578125,285.239990234375
2025-04-17,130.2100067138672,62.81968307495117,130.97999572753906,172.99000549316406,282.3500061035156
2025-04-21,126.08999633789062,61.396934509277344,129.88999938964844,170.16000366210938,279.2300109863281
2025-04-22,136.3300018310547,63.635520935058594,131.72999572753906,173.77999877929688,283.9599914550781
2025-04-23,136.05999755859375,63.48628616333008,129.83999633789062,177.0500030517578,288.1600036621094
2025-04-24,138.8800048828125,64.9687271118164,129.3800048828125,180.3699951171875,291.4100036621094
2025-04-25,137.32000732421875,64.66029357910156,128.85000610351562,186.05999755859375,293.3900146484375
2025-04-28,137.92999267578125,64.45136260986328,129.52999877929688,192.33999633789062,293.25
2025-04-29,138.3800048828125,66.67999267578125,130.5,193.50999450683594,298.4700012207031
2025-04-30,138.91000366210938,67.86000061035156,130.75,195.10000610351562,299.1499938964844
2025-05-01,137.89999389648438,67.41000366210938,130.8800048828125,193.33999633789062,300.5299987792969
2025-05-02,142.0800018310547,68.44999694824219,132.82000732421875,198.47000122070312,305.3299865722656
2025-05-05,140.8000030517578,68.33999633789062,132.60000610351562,196.07000732421875,307.7099914550781
2025-05-06,138.02000427246094,67.47000122070312,133.05999755859375,187.14999389648438,303.79998779296875
2025-05-07,138.63999938964844,66.93000030517578,133.9499969482422,188.08999633789062,306.0899963378906
2025-05-08,141.1199951171875,68.01000213623047,134.0,185.5800018310547,308.8800048828125
2025-05-09,142.60000610351562,68.29000091552734,133.24000549316406,184.60000610351562,307.8999938964844
2025-05-12,150.3300018310547,70.45999908447266,131.99000549316406,190.07000732421875,322.0899963378906
2025-05-13,150.74000549316406,70.12000274658203,129.0500030517578,188.0,322.5299987792969
2025-05-14,147.8800048828125,68.3499984741211,128.55999755859375,177.44000244140625,320.4100036621094
2025-05-15,148.74000549316406,69.41999816894531,133.35000610351562,181.67999267578125,323.2099914550781
2025-05-16,153.11000061035156,70.5199966430664,134.8000030517578,184.02000427246094,317.69000244140625
2025-05-19,154.13999938964844,70.51000213623047,135.5500030517578,185.7100067138672,319.3900146484375
2025-05-20,154.14999389648438,69.62000274658203,135.1999969482422,184.85000610351562,320.17999267578125
